<annotation>
	<folder>collectedimages</folder>
	<filename>15249191650_8a30b83842_b.jpg</filename>
	<path>C:\Users\rajan\Downloads\NewGen\Tensorflow\workspace\images\collectedimages\15249191650_8a30b83842_b.jpg</path>
	<source>
		<database>Unknown</database>
	</source>
	<size>
		<width>1024</width>
		<height>758</height>
		<depth>3</depth>
	</size>
	<segmented>0</segmented>
	<object>
		<name>Not Pan Card</name>
		<pose>Unspecified</pose>
		<truncated>0</truncated>
		<difficult>0</difficult>
		<bndbox>
			<xmin>55</xmin>
			<ymin>83</ymin>
			<xmax>383</xmax>
			<ymax>178</ymax>
		</bndbox>
	</object>
	<object>
		<name>Not Pan Card</name>
		<pose>Unspecified</pose>
		<truncated>0</truncated>
		<difficult>0</difficult>
		<bndbox>
			<xmin>448</xmin>
			<ymin>67</ymin>
			<xmax>581</xmax>
			<ymax>180</ymax>
		</bndbox>
	</object>
	<object>
		<name>Not Pan Card</name>
		<pose>Unspecified</pose>
		<truncated>0</truncated>
		<difficult>0</difficult>
		<bndbox>
			<xmin>641</xmin>
			<ymin>81</ymin>
			<xmax>962</xmax>
			<ymax>178</ymax>
		</bndbox>
	</object>
</annotation>
