<annotation>
	<folder>collectedimages</folder>
	<filename>354612 - Copy - Copy.jpg</filename>
	<path>C:\Users\rajan\Downloads\NewGen\Tensorflow\workspace\images\collectedimages\354612 - Copy - Copy.jpg</path>
	<source>
		<database>Unknown</database>
	</source>
	<size>
		<width>600</width>
		<height>382</height>
		<depth>3</depth>
	</size>
	<segmented>0</segmented>
	<object>
		<name>Not Pan Card</name>
		<pose>Unspecified</pose>
		<truncated>0</truncated>
		<difficult>0</difficult>
		<bndbox>
			<xmin>13</xmin>
			<ymin>10</ymin>
			<xmax>200</xmax>
			<ymax>63</ymax>
		</bndbox>
	</object>
	<object>
		<name>Not Pan Card</name>
		<pose>Unspecified</pose>
		<truncated>0</truncated>
		<difficult>0</difficult>
		<bndbox>
			<xmin>260</xmin>
			<ymin>7</ymin>
			<xmax>372</xmax>
			<ymax>77</ymax>
		</bndbox>
	</object>
	<object>
		<name>Not Pan Card</name>
		<pose>Unspecified</pose>
		<truncated>0</truncated>
		<difficult>0</difficult>
		<bndbox>
			<xmin>408</xmin>
			<ymin>11</ymin>
			<xmax>585</xmax>
			<ymax>77</ymax>
		</bndbox>
	</object>
</annotation>
