<annotation>
	<folder>collectedimages</folder>
	<filename>356008.jpg</filename>
	<path>C:\Users\rajan\Downloads\NewGen\Tensorflow\workspace\images\collectedimages\356008.jpg</path>
	<source>
		<database>Unknown</database>
	</source>
	<size>
		<width>600</width>
		<height>382</height>
		<depth>3</depth>
	</size>
	<segmented>0</segmented>
	<object>
		<name>Not Pan Card</name>
		<pose>Unspecified</pose>
		<truncated>0</truncated>
		<difficult>0</difficult>
		<bndbox>
			<xmin>16</xmin>
			<ymin>18</ymin>
			<xmax>232</xmax>
			<ymax>66</ymax>
		</bndbox>
	</object>
	<object>
		<name>Not Pan Card</name>
		<pose>Unspecified</pose>
		<truncated>0</truncated>
		<difficult>0</difficult>
		<bndbox>
			<xmin>242</xmin>
			<ymin>18</ymin>
			<xmax>352</xmax>
			<ymax>75</ymax>
		</bndbox>
	</object>
	<object>
		<name>Not Pan Card</name>
		<pose>Unspecified</pose>
		<truncated>0</truncated>
		<difficult>0</difficult>
		<bndbox>
			<xmin>398</xmin>
			<ymin>19</ymin>
			<xmax>562</xmax>
			<ymax>71</ymax>
		</bndbox>
	</object>
</annotation>
