<annotation>
	<folder>collectedimages</folder>
	<filename>356253.jpg</filename>
	<path>C:\Users\rajan\Downloads\NewGen\Tensorflow\workspace\images\collectedimages\356253.jpg</path>
	<source>
		<database>Unknown</database>
	</source>
	<size>
		<width>600</width>
		<height>459</height>
		<depth>3</depth>
	</size>
	<segmented>0</segmented>
	<object>
		<name>Not Pan Card</name>
		<pose>Unspecified</pose>
		<truncated>0</truncated>
		<difficult>0</difficult>
		<bndbox>
			<xmin>22</xmin>
			<ymin>57</ymin>
			<xmax>172</xmax>
			<ymax>104</ymax>
		</bndbox>
	</object>
	<object>
		<name>Not Pan Card</name>
		<pose>Unspecified</pose>
		<truncated>0</truncated>
		<difficult>0</difficult>
		<bndbox>
			<xmin>181</xmin>
			<ymin>59</ymin>
			<xmax>396</xmax>
			<ymax>115</ymax>
		</bndbox>
	</object>
	<object>
		<name>Not Pan Card</name>
		<pose>Unspecified</pose>
		<truncated>0</truncated>
		<difficult>0</difficult>
		<bndbox>
			<xmin>414</xmin>
			<ymin>59</ymin>
			<xmax>581</xmax>
			<ymax>104</ymax>
		</bndbox>
	</object>
</annotation>
