<annotation>
	<folder>collectedimages</folder>
	<filename>image-result-for-metro-smart-cards-delhi.jpeg</filename>
	<path>C:\Users\rajan\Downloads\NewGen\Tensorflow\workspace\images\collectedimages\image-result-for-metro-smart-cards-delhi.jpeg</path>
	<source>
		<database>Unknown</database>
	</source>
	<size>
		<width>647</width>
		<height>404</height>
		<depth>3</depth>
	</size>
	<segmented>0</segmented>
	<object>
		<name>Not Pan Card</name>
		<pose>Unspecified</pose>
		<truncated>0</truncated>
		<difficult>0</difficult>
		<bndbox>
			<xmin>50</xmin>
			<ymin>50</ymin>
			<xmax>264</xmax>
			<ymax>108</ymax>
		</bndbox>
	</object>
	<object>
		<name>Not Pan Card</name>
		<pose>Unspecified</pose>
		<truncated>0</truncated>
		<difficult>0</difficult>
		<bndbox>
			<xmin>282</xmin>
			<ymin>45</ymin>
			<xmax>359</xmax>
			<ymax>112</ymax>
		</bndbox>
	</object>
	<object>
		<name>Not Pan Card</name>
		<pose>Unspecified</pose>
		<truncated>0</truncated>
		<difficult>0</difficult>
		<bndbox>
			<xmin>367</xmin>
			<ymin>49</ymin>
			<xmax>581</xmax>
			<ymax>102</ymax>
		</bndbox>
	</object>
</annotation>
