<annotation>
	<folder>collectedimages</folder>
	<filename>Makrand-Pancard.jpg</filename>
	<path>C:\Users\rajan\Downloads\NewGen\Tensorflow\workspace\images\collectedimages\Makrand-Pancard.jpg</path>
	<source>
		<database>Unknown</database>
	</source>
	<size>
		<width>2064</width>
		<height>1368</height>
		<depth>3</depth>
	</size>
	<segmented>0</segmented>
	<object>
		<name>Pan Card</name>
		<pose>Unspecified</pose>
		<truncated>0</truncated>
		<difficult>0</difficult>
		<bndbox>
			<xmin>121</xmin>
			<ymin>107</ymin>
			<xmax>928</xmax>
			<ymax>345</ymax>
		</bndbox>
	</object>
	<object>
		<name>Pan Card</name>
		<pose>Unspecified</pose>
		<truncated>0</truncated>
		<difficult>0</difficult>
		<bndbox>
			<xmin>1026</xmin>
			<ymin>98</ymin>
			<xmax>1212</xmax>
			<ymax>368</ymax>
		</bndbox>
	</object>
	<object>
		<name>Pan Card</name>
		<pose>Unspecified</pose>
		<truncated>0</truncated>
		<difficult>0</difficult>
		<bndbox>
			<xmin>1287</xmin>
			<ymin>129</ymin>
			<xmax>1971</xmax>
			<ymax>373</ymax>
		</bndbox>
	</object>
</annotation>
