<annotation>
	<folder>collectedimages</folder>
	<filename>Neha-Pan - Copy (2).jpg</filename>
	<path>C:\Users\rajan\Downloads\NewGen\Tensorflow\workspace\images\collectedimages\Neha-Pan - Copy (2).jpg</path>
	<source>
		<database>Unknown</database>
	</source>
	<size>
		<width>796</width>
		<height>502</height>
		<depth>3</depth>
	</size>
	<segmented>0</segmented>
	<object>
		<name>Pan Card</name>
		<pose>Unspecified</pose>
		<truncated>0</truncated>
		<difficult>0</difficult>
		<bndbox>
			<xmin>32</xmin>
			<ymin>24</ymin>
			<xmax>355</xmax>
			<ymax>127</ymax>
		</bndbox>
	</object>
	<object>
		<name>Pan Card</name>
		<pose>Unspecified</pose>
		<truncated>0</truncated>
		<difficult>0</difficult>
		<bndbox>
			<xmin>385</xmin>
			<ymin>29</ymin>
			<xmax>458</xmax>
			<ymax>135</ymax>
		</bndbox>
	</object>
	<object>
		<name>Pan Card</name>
		<pose>Unspecified</pose>
		<truncated>0</truncated>
		<difficult>0</difficult>
		<bndbox>
			<xmin>486</xmin>
			<ymin>29</ymin>
			<xmax>767</xmax>
			<ymax>131</ymax>
		</bndbox>
	</object>
</annotation>
