<annotation>
	<folder>collectedimages</folder>
	<filename>pan-card-1 - Copy.jpg</filename>
	<path>C:\Users\rajan\Downloads\NewGen\Tensorflow\workspace\images\collectedimages\pan-card-1 - Copy.jpg</path>
	<source>
		<database>Unknown</database>
	</source>
	<size>
		<width>500</width>
		<height>339</height>
		<depth>3</depth>
	</size>
	<segmented>0</segmented>
	<object>
		<name>Pan Card</name>
		<pose>Unspecified</pose>
		<truncated>0</truncated>
		<difficult>0</difficult>
		<bndbox>
			<xmin>27</xmin>
			<ymin>40</ymin>
			<xmax>222</xmax>
			<ymax>102</ymax>
		</bndbox>
	</object>
	<object>
		<name>Pan Card</name>
		<pose>Unspecified</pose>
		<truncated>0</truncated>
		<difficult>0</difficult>
		<bndbox>
			<xmin>242</xmin>
			<ymin>42</ymin>
			<xmax>290</xmax>
			<ymax>113</ymax>
		</bndbox>
	</object>
	<object>
		<name>Pan Card</name>
		<pose>Unspecified</pose>
		<truncated>0</truncated>
		<difficult>0</difficult>
		<bndbox>
			<xmin>303</xmin>
			<ymin>41</ymin>
			<xmax>474</xmax>
			<ymax>102</ymax>
		</bndbox>
	</object>
</annotation>
