<annotation>
	<folder>collectedimages</folder>
	<filename>pan.jpg</filename>
	<path>C:\Users\rajan\Downloads\NewGen\Tensorflow\workspace\images\collectedimages\pan.jpg</path>
	<source>
		<database>Unknown</database>
	</source>
	<size>
		<width>274</width>
		<height>184</height>
		<depth>3</depth>
	</size>
	<segmented>0</segmented>
	<object>
		<name>Pan Card</name>
		<pose>Unspecified</pose>
		<truncated>0</truncated>
		<difficult>0</difficult>
		<bndbox>
			<xmin>24</xmin>
			<ymin>37</ymin>
			<xmax>125</xmax>
			<ymax>68</ymax>
		</bndbox>
	</object>
	<object>
		<name>Pan Card</name>
		<pose>Unspecified</pose>
		<truncated>0</truncated>
		<difficult>0</difficult>
		<bndbox>
			<xmin>139</xmin>
			<ymin>37</ymin>
			<xmax>162</xmax>
			<ymax>73</ymax>
		</bndbox>
	</object>
	<object>
		<name>Pan Card</name>
		<pose>Unspecified</pose>
		<truncated>0</truncated>
		<difficult>0</difficult>
		<bndbox>
			<xmin>169</xmin>
			<ymin>37</ymin>
			<xmax>256</xmax>
			<ymax>69</ymax>
		</bndbox>
	</object>
</annotation>
