<annotation>
	<folder>collectedimages</folder>
	<filename>selection-060-250x250 - Copy (2).png</filename>
	<path>C:\Users\rajan\Downloads\NewGen\Tensorflow\workspace\images\collectedimages\selection-060-250x250 - Copy (2).png</path>
	<source>
		<database>Unknown</database>
	</source>
	<size>
		<width>250</width>
		<height>152</height>
		<depth>3</depth>
	</size>
	<segmented>0</segmented>
	<object>
		<name>Pan Card</name>
		<pose>Unspecified</pose>
		<truncated>0</truncated>
		<difficult>0</difficult>
		<bndbox>
			<xmin>2</xmin>
			<ymin>2</ymin>
			<xmax>110</xmax>
			<ymax>35</ymax>
		</bndbox>
	</object>
	<object>
		<name>Pan Card</name>
		<pose>Unspecified</pose>
		<truncated>1</truncated>
		<difficult>0</difficult>
		<bndbox>
			<xmin>120</xmin>
			<ymin>1</ymin>
			<xmax>149</xmax>
			<ymax>39</ymax>
		</bndbox>
	</object>
	<object>
		<name>Pan Card</name>
		<pose>Unspecified</pose>
		<truncated>0</truncated>
		<difficult>0</difficult>
		<bndbox>
			<xmin>158</xmin>
			<ymin>3</ymin>
			<xmax>247</xmax>
			<ymax>34</ymax>
		</bndbox>
	</object>
</annotation>
