<annotation>
	<folder>collectedimages</folder>
	<filename>Webp.net-resizeimage-15 - Copy (2).jpg</filename>
	<path>C:\Users\rajan\Downloads\NewGen\Tensorflow\workspace\images\collectedimages\Webp.net-resizeimage-15 - Copy (2).jpg</path>
	<source>
		<database>Unknown</database>
	</source>
	<size>
		<width>600</width>
		<height>400</height>
		<depth>3</depth>
	</size>
	<segmented>0</segmented>
	<object>
		<name>Pan Card</name>
		<pose>Unspecified</pose>
		<truncated>0</truncated>
		<difficult>0</difficult>
		<bndbox>
			<xmin>5</xmin>
			<ymin>14</ymin>
			<xmax>244</xmax>
			<ymax>99</ymax>
		</bndbox>
	</object>
	<object>
		<name>Pan Card</name>
		<pose>Unspecified</pose>
		<truncated>0</truncated>
		<difficult>0</difficult>
		<bndbox>
			<xmin>275</xmin>
			<ymin>14</ymin>
			<xmax>341</xmax>
			<ymax>113</ymax>
		</bndbox>
	</object>
	<object>
		<name>Pan Card</name>
		<pose>Unspecified</pose>
		<truncated>0</truncated>
		<difficult>0</difficult>
		<bndbox>
			<xmin>360</xmin>
			<ymin>12</ymin>
			<xmax>570</xmax>
			<ymax>99</ymax>
		</bndbox>
	</object>
</annotation>
