<annotation>
	<folder>collectedimages</folder>
	<filename>Webp.net-resizeimage-15 - Copy.jpg</filename>
	<path>C:\Users\rajan\Downloads\NewGen\Tensorflow\workspace\images\collectedimages\Webp.net-resizeimage-15 - Copy.jpg</path>
	<source>
		<database>Unknown</database>
	</source>
	<size>
		<width>600</width>
		<height>400</height>
		<depth>3</depth>
	</size>
	<segmented>0</segmented>
	<object>
		<name>Pan Card</name>
		<pose>Unspecified</pose>
		<truncated>0</truncated>
		<difficult>0</difficult>
		<bndbox>
			<xmin>7</xmin>
			<ymin>20</ymin>
			<xmax>253</xmax>
			<ymax>96</ymax>
		</bndbox>
	</object>
	<object>
		<name>Pan Card</name>
		<pose>Unspecified</pose>
		<truncated>0</truncated>
		<difficult>0</difficult>
		<bndbox>
			<xmin>280</xmin>
			<ymin>20</ymin>
			<xmax>345</xmax>
			<ymax>114</ymax>
		</bndbox>
	</object>
	<object>
		<name>Pan Card</name>
		<pose>Unspecified</pose>
		<truncated>0</truncated>
		<difficult>0</difficult>
		<bndbox>
			<xmin>365</xmin>
			<ymin>18</ymin>
			<xmax>572</xmax>
			<ymax>96</ymax>
		</bndbox>
	</object>
</annotation>
